<?xml version="1.0" encoding="UTF-8"?>
<!DOCTYPE hibernate-mapping PUBLIC "-//Hibernate/Hibernate Mapping DTD 3.0//EN" "http://hibernate.sourceforge.net/hibernate-mapping-3.0.dtd">

<hibernate-mapping>

	<class name="datos.Cliente" table="cliente">
		<id column="idcliente" name="idCliente">
			<generator class="foreign">
			<param name="property">datosPersonales</param>
			</generator>
		</id>
		<!-- one-to-one name="medidor" class="datos.Medidor"></one-to-one -->
		<one-to-one name="datosPersonales" class="datos.DatosPersonales"/>
		<set name="facturas" table="factura" order-by="idfactura asc" inverse="true" lazy="true" fetch="select">
			<key column="idCliente" not-null="true" />
			<one-to-many class="datos.Factura" />
		</set>
	</class>

</hibernate-mapping>
