<?xml version="1.0" encoding="UTF-8"?>
<!DOCTYPE hibernate-mapping PUBLIC "-//Hibernate/Hibernate Mapping DTD 3.0//EN" "http://hibernate.sourceforge.net/hibernate-mapping-3.0.dtd">

<hibernate-mapping>

<class name="datos.DatosPersonales" table="datosPersonales">

	<id column="iddatosPersonales" name="idDatosPersonales">
		<generator class ="identity"></generator>
	</id>
	
	<property name="dni" column="dni" type="long"/>
	<property name="nombre" column="nombre" type="string"/>
	<property name="apellido" column="apellido" type="string"/>
	<property name="mail" column="mail" type="string"/>
	<property name="telefono" column="telefono" type="string"/>
	<property name="direccion" column="direccion" type="string"/>
	<!--
	<one-to-one name="cliente" class="datos.Cliente"/>
	<one-to-one name="inspector" class="datos.Inspector"></one-to-one>
	-->
</class>
</hibernate-mapping>