<?xml  version =  "1.0"   encoding =  "UTF-8" ?>
<!DOCTYPE hibernate-mapping  PUBLIC "-//Hibernate/Hibernate Mapping DTD 3.0//EN" " http://hibernate.sourceforge.net/hibernate-mapping-3.0.dtd "  >

<hibernate-mapping>
<class name="datos.Factura" table="factura">
	<id column="idfactura" name="idFactura">
		<generator class="identity"/>
	</id>
	<property name="fecha" column="fecha" type="LocalDate"></property>
	<property name="nroSerieMedidor" column="nroSerieMedidor" type="int"/>
	<property name="observaciones" column="observaciones" type="string"/>
	<property name="anulada" column="anulada" type="boolean"/>
	<many-to-one name="cliente" class="datos.Cliente" column="cliente_idcliente" not-null="true" />



</class>




</hibernate-mapping>
