<?xml version="1.0" encoding="UTF-8"?>
<!DOCTYPE hibernate-mapping PUBLIC "-//Hibernate/Hibernate Mapping DTD 3.0//EN" "http://hibernate.sourceforge.net/hibernate-mapping-3.0.dtd">
<hibernate-mapping>

	<class name="datos.Inspector" table="inspector">
		<id column="idinspector" name="idInspector">
			<generator class="identity" />
		</id>

		<one-to-one name="datosPersonales" class="datos.DatosPersonales"></one-to-one>

		<set table="zona_has_inspector" name="lstZonas" outer-join="true">
			<key column="idinspector" />
			<many-to-many column="idzona" class="datos.Zona" />
		</set>

	</class>

</hibernate-mapping>