<?xml  version =  "1.0"   encoding =  "UTF-8" ?>
<!DOCTYPE hibernate-mapping  PUBLIC "-//Hibernate/Hibernate Mapping DTD 3.0//EN" " http://hibernate.sourceforge.net/hibernate-mapping-3.0.dtd "  >
<hibernate-mapping>
	<class name="datos.Lectura" table="lectura">
	 <id column="idlectura" name="idLectura">
	 	<generator class="identity"/>
	 </id>
	
	<property column="fecha" name="fecha" type="LocalDate"/>
	<one-to-one name="medidor" class="datos.Medidor"></one-to-one>
	<joined-subclass name="datos.LecturaAD" table="lecturaAD">
		<key column="lectura_idlectura" />
		<property column="consumoPico" name="consumoPico" type="float"/>
		<property name="consumoResto" column="consumoResto" type="float"></property>
		<property name="consumoValle" column="consumoValle" type="float"/>
	</joined-subclass>
	<joined-subclass name="datos.LecturaBD" table="lecturaBD">
		<key column="lectura_idlectura"/>
		<property name="consumo" column="consumo" type="float"/>
	</joined-subclass>
	
	</class>
</hibernate-mapping>