<?xml version="1.0" encoding="UTF-8"?>
<hibernate-mapping>
	<class table="medidor" name="datos.Medidor">
	
		<id column="idmedidor" name="idMedidor">
			<generator class="identity"/>
		</id>
		
		<property column="nroSerie" name="nroSerie" type="int"></property>
		<property column="descripcion" name="descripcion" type="string"/>
		<property column="tipoDemanda" name="tipoDemanda" type="string"/>
		
		

	<!-- <one-to-one name="lectura" class="datos.Lectura"></one-to-one> -->
	
	
		<one-to-one name="cliente" class="datos.Cliente"></one-to-one>
		<one-to-one name="tarifa" class="datos.Tarifa"></one-to-one>

	</class>


</hibernate-mapping>