<?xml  version =  "1.0"   encoding =  "UTF-8" ?>
<!DOCTYPE hibernate-mapping  PUBLIC "-//Hibernate/Hibernate Mapping DTD 3.0//EN" " http://hibernate.sourceforge.net/hibernate-mapping-3.0.dtd "  >
<hibernate-mapping>
<class table="tarifa" name="datos.Tarifa">
	<id column="idtarifa" name="idTarifa">
		<generator class="identity"></generator>
	</id>
	<property name="categoria" column="categoria" type="string"></property>
	<property name="cargoFijo" column="cargoFijo" type="float"/>
	
	<joined-subclass name="datos.TarifaBD" table="tarifaBD">
		<key column="tarifa_idtarifa"/>
		<property name="kwMin" column="kwMin" type="int"></property>
		<property name="kwMax" column="kwMax" type="int"></property>
		<property name="cargoVariable" column="cargoVariable" type="float"></property>
	</joined-subclass>
	<joined-subclass name="datos.TarifaAD" table="tarifaAD">
	<key column="tarifa_idtarifa"></key>
	<property name="cargoVarPico" column="cargoVarPico" type="float"></property>
	<property name="cargoVarResto" column="cargoVarResto" type="float"/>
	<property name="cargoVarValle" column="cargoVarValle"></property>
	</joined-subclass>



</class>


</hibernate-mapping>