<?xml  version =  "1.0"   encoding =  "UTF-8" ?>
<!DOCTYPE hibernate-mapping  PUBLIC "-//Hibernate/Hibernate Mapping DTD 3.0//EN" " http://hibernate.sourceforge.net/hibernate-mapping-3.0.dtd "  >
<hibernate-mapping>
	<class name="datos.Zona" table="zona">
		<id column="idzona" name="idZona">
			<generator class="identity"></generator>
		</id>
		<property name="descripcion" column="descripcion" type="string"></property>

		<!-- inspectorxzona -->
		<set name="lstInspector" table="zona_has_inspectorinspectorxzona">
			<key column="idzona" />
			<many-to-many column="idinspector" class="datos.Inspector"></many-to-many>
		</set>

	</class>
</hibernate-mapping>